county,ctv,jurisdiction,Total Votes Cast,DEM,REP
ADAMS,C,Adams,586,255,320
ADAMS,C,Wisconsin Dells,18,6,12
ADAMS,T,Adams,612,246,352
ADAMS,T,Big Flats,469,164,295
ADAMS,T,Colburn,152,42,108
ADAMS,T,Dell Prairie,813,331,460
ADAMS,T,Easton,469,159,302
ADAMS,T,Jackson,606,254,346
ADAMS,T,Leola,144,33,109
ADAMS,T,Lincoln,171,58,108
ADAMS,T,Monroe,246,101,142
ADAMS,T,New Chester,406,159,237
ADAMS,T,New Haven,317,124,181
ADAMS,T,Preston,644,254,379
ADAMS,T,Quincy,641,263,360
ADAMS,T,Richfield,89,22,64
ADAMS,T,Rome,2115,828,1264
ADAMS,T,Springville,590,233,344
ADAMS,T,Strongs Prairie,598,231,355
ADAMS,V,Friendship,222,97,118
ASHLAND,C,Ashland,3375,2276,1065
ASHLAND,C,Mellen,265,134,129
ASHLAND,T,Agenda,217,60,153
ASHLAND,T,Ashland,282,142,140
ASHLAND,T,Chippewa,183,57,125
ASHLAND,T,Gingles,405,211,191
ASHLAND,T,Gordon,163,57,104
ASHLAND,T,Jacobs,297,91,202
ASHLAND,T,La Pointe,279,225,48
ASHLAND,T,Marengo,185,88,93
ASHLAND,T,Morse,260,117,138
ASHLAND,T,Peeksville,88,21,65
ASHLAND,T,Sanborn,395,330,57
ASHLAND,T,Shanagolden,68,24,44
ASHLAND,T,White River,401,128,273
ASHLAND,V,Butternut,152,73,78
BARRON,C,Barron,1078,506,552
BARRON,C,Chetek,890,374,500
BARRON,C,Cumberland,951,436,494
BARRON,C,Rice Lake,3308,1571,1682
BARRON,T,Almena,472,136,325
BARRON,T,Arland,284,111,167
BARRON,T,Barron,344,92,247
BARRON,T,Bear Lake,366,131,230
BARRON,T,Cedar Lake,693,229,454
BARRON,T,Chetek,960,376,576
BARRON,T,Clinton,318,99,217
BARRON,T,Crystal Lake,368,123,237
BARRON,T,Cumberland,422,153,258
BARRON,T,Dallas,259,64,192
BARRON,T,Dovre,385,138,243
BARRON,T,Doyle,268,79,186
BARRON,T,Lakeland,508,187,312
BARRON,T,Maple Grove,398,92,299
BARRON,T,Maple Plain,443,186,254
BARRON,T,Oak Grove,441,148,288
BARRON,T,Prairie Farm,248,74,169
BARRON,T,Prairie Lake,825,258,554
BARRON,T,Rice Lake,1393,548,828
BARRON,T,Sioux Creek,327,97,218
BARRON,T,Stanfold,322,106,211
BARRON,T,Stanley,1194,372,802
BARRON,T,Sumner,364,111,251
BARRON,T,Turtle Lake,309,97,205
BARRON,T,Vance Creek,310,103,200
BARRON,V,Almena,255,69,181
BARRON,V,Cameron,693,239,442
BARRON,V,Dallas,152,34,110
BARRON,V,Haugen,123,47,72
BARRON,V,New Auburn,7,2,5
BARRON,V,Prairie Farm,157,54,99
BARRON,V,Turtle Lake,298,110,186
BAYFIELD,C,Ashland,0,0,0
BAYFIELD,C,Bayfield,327,281,46
BAYFIELD,C,Washburn,1085,815,263
BAYFIELD,T,Barksdale,459,263,194
BAYFIELD,T,Barnes,591,268,314
BAYFIELD,T,Bayfield,502,362,138
BAYFIELD,T,Bayview,331,204,123
BAYFIELD,T,Bell,253,176,76
BAYFIELD,T,Cable,550,245,299
BAYFIELD,T,Clover,187,113,74
BAYFIELD,T,Delta,230,110,119
BAYFIELD,T,Drummond,311,173,135
BAYFIELD,T,Eileen,391,173,215
BAYFIELD,T,Grand View,318,156,157
BAYFIELD,T,Hughes,269,128,139
BAYFIELD,T,Iron River,669,331,328
BAYFIELD,T,Kelly,217,79,136
BAYFIELD,T,Keystone,206,84,120
BAYFIELD,T,Lincoln,172,72,98
BAYFIELD,T,Mason,149,64,84
BAYFIELD,T,Namakagon,267,112,153
BAYFIELD,T,Orienta,92,43,49
BAYFIELD,T,Oulu,340,158,178
BAYFIELD,T,Pilsen,136,76,56
BAYFIELD,T,Port Wing,256,153,102
BAYFIELD,T,Russell,471,404,62
BAYFIELD,T,Tripp,119,64,55
BAYFIELD,T,Washburn,354,245,106
BAYFIELD,V,Mason,39,15,24
BROWN,C,De Pere,11377,5948,5302
BROWN,C,Green Bay,35267,19561,15215
BROWN,T,Eaton,925,284,627
BROWN,T,Glenmore,579,157,418
BROWN,T,Green Bay,1222,350,864
BROWN,T,Holland,836,242,586
BROWN,T,Humboldt,721,186,523
BROWN,T,Lawrence,3559,1392,2145
BROWN,T,Ledgeview,4494,1989,2464
BROWN,T,Morrison,808,183,617
BROWN,T,New Denmark,880,288,579
BROWN,T,Pittsfield,1580,477,1085
BROWN,T,Rockland,1066,365,694
BROWN,T,Scott,2003,820,1170
BROWN,T,Wrightstown,1269,371,886
BROWN,V,Allouez,6809,3826,2906
BROWN,V,Ashwaubenon,8122,3860,4163
BROWN,V,Bellevue,7169,3348,3758
BROWN,V,Denmark,995,374,604
BROWN,V,Hobart,4784,2073,2672
BROWN,V,Howard,9923,4278,5514
BROWN,V,Pulaski,1523,558,937
BROWN,V,Suamico,6959,2490,4410
BROWN,V,Wrightstown,1335,467,847
BUFFALO,C,Alma,379,198,174
BUFFALO,C,Buffalo City,488,216,263
BUFFALO,C,Fountain City,360,177,179
BUFFALO,C,Mondovi,964,369,576
BUFFALO,T,Alma,142,67,72
BUFFALO,T,Belvidere,245,84,157
BUFFALO,T,Buffalo,392,165,218
BUFFALO,T,Canton,146,54,91
BUFFALO,T,Cross,186,57,125
BUFFALO,T,Dover,187,83,99
BUFFALO,T,Gilmanton,199,75,122
BUFFALO,T,Glencoe,196,58,134
BUFFALO,T,Lincoln,100,41,57
BUFFALO,T,Maxville,165,42,122
BUFFALO,T,Milton,298,104,189
BUFFALO,T,Modena,140,58,78
BUFFALO,T,Mondovi,213,72,140
BUFFALO,T,Montana,115,38,76
BUFFALO,T,Naples,345,113,231
BUFFALO,T,Nelson,291,95,191
BUFFALO,T,Waumandee,284,98,181
BUFFALO,V,Cochrane,171,65,98
BUFFALO,V,Nelson,132,62,65
BURNETT,T,Anderson,200,54,142
BURNETT,T,Blaine,135,36,95
BURNETT,T,Daniels,350,101,238
BURNETT,T,Dewey,238,73,161
BURNETT,T,Grantsburg,508,159,341
BURNETT,T,Jackson,590,243,346
BURNETT,T,La Follette,272,127,145
BURNETT,T,Lincoln,166,34,132
BURNETT,T,Meenon,533,165,363
BURNETT,T,Oakland,600,269,326
BURNETT,T,Roosevelt,101,34,66
BURNETT,T,Rusk,214,83,130
BURNETT,T,Sand Lake,272,119,150
BURNETT,T,Scott,389,166,220
BURNETT,T,Siren,485,170,305
BURNETT,T,Swiss,379,169,205
BURNETT,T,Trade Lake,486,186,295
BURNETT,T,Union,218,85,129
BURNETT,T,Webb Lake,279,111,163
BURNETT,T,West Marshland,186,43,138
BURNETT,T,Wood River,473,130,333
BURNETT,V,Grantsburg,519,181,326
BURNETT,V,Siren,315,128,183
BURNETT,V,Webster,234,98,129
CALUMET,C,Appleton,4777,2588,2138
CALUMET,C,Brillion,1335,461,863
CALUMET,C,Chilton,1588,550,1014
CALUMET,C,Kaukauna,0,0,0
CALUMET,C,Kiel,154,55,96
CALUMET,C,Menasha,1625,783,827
CALUMET,C,New Holstein,1416,563,829
CALUMET,T,Brillion,786,202,570
CALUMET,T,Brothertown,761,170,586
CALUMET,T,Charlestown,418,108,308
CALUMET,T,Chilton,633,140,486
CALUMET,T,New Holstein,757,192,557
CALUMET,T,Rantoul,406,74,327
CALUMET,T,Stockbridge,876,241,627
CALUMET,T,Woodville,484,108,366
CALUMET,V,Harrison,6156,2682,3436
CALUMET,V,Hilbert,486,124,352
CALUMET,V,Potter,125,26,94
CALUMET,V,Sherwood,1861,747,1097
CALUMET,V,Stockbridge,381,121,255
CHIPPEWA,C,Bloomer,1646,559,1056
CHIPPEWA,C,Chippewa Falls,5678,2986,2590
CHIPPEWA,C,Cornell,568,208,346
CHIPPEWA,C,Eau Claire,887,499,388
CHIPPEWA,C,Stanley,754,289,448
CHIPPEWA,T,Anson,1281,489,777
CHIPPEWA,T,Arthur,338,93,241
CHIPPEWA,T,Auburn,361,107,252
CHIPPEWA,T,Birch Creek,291,104,183
CHIPPEWA,T,Bloomer,491,148,342
CHIPPEWA,T,Cleveland,455,154,298
CHIPPEWA,T,Colburn,377,100,273
CHIPPEWA,T,Cooks Valley,353,98,253
CHIPPEWA,T,Delmar,424,141,276
CHIPPEWA,T,Eagle Point,1767,704,1046
CHIPPEWA,T,Edson,395,126,265
CHIPPEWA,T,Estella,214,50,161
CHIPPEWA,T,Goetz,363,140,216
CHIPPEWA,T,Hallie,103,51,52
CHIPPEWA,T,Howard,397,143,251
CHIPPEWA,T,Lafayette,3415,1484,1890
CHIPPEWA,T,Lake Holcombe,564,141,414
CHIPPEWA,T,Ruby,207,51,154
CHIPPEWA,T,Sampson,497,152,338
CHIPPEWA,T,Sigel,517,182,321
CHIPPEWA,T,Tilden,837,312,511
CHIPPEWA,T,Wheaton,1457,590,854
CHIPPEWA,T,Woodmohr,530,164,359
CHIPPEWA,V,Boyd,239,87,142
CHIPPEWA,V,Cadott,520,228,285
CHIPPEWA,V,Lake Hallie,3081,1364,1670
CHIPPEWA,V,New Auburn,194,50,140
CLARK,C,Abbotsford,473,179,284
CLARK,C,Colby,408,136,265
CLARK,C,Greenwood,414,169,231
CLARK,C,Loyal,484,161,313
CLARK,C,Neillsville,904,382,507
CLARK,C,Owen,361,154,207
CLARK,C,Stanley,12,6,6
CLARK,C,Thorp,582,208,364
CLARK,T,Beaver,231,66,164
CLARK,T,Butler,49,15,33
CLARK,T,Colby,240,61,177
CLARK,T,Dewhurst,198,69,127
CLARK,T,Eaton,223,70,149
CLARK,T,Foster,59,19,37
CLARK,T,Fremont,418,99,310
CLARK,T,Grant,346,112,230
CLARK,T,Green Grove,173,50,121
CLARK,T,Hendren,183,70,112
CLARK,T,Hewett,170,60,109
CLARK,T,Hixon,189,60,127
CLARK,T,Hoard,208,60,140
CLARK,T,Levis,233,68,162
CLARK,T,Longwood,194,59,133
CLARK,T,Loyal,245,56,186
CLARK,T,Lynn,245,73,169
CLARK,T,Mayville,318,91,224
CLARK,T,Mead,122,30,88
CLARK,T,Mentor,225,67,151
CLARK,T,Pine Valley,559,181,370
CLARK,T,Reseburg,150,53,89
CLARK,T,Seif,113,32,78
CLARK,T,Sherman,264,59,203
CLARK,T,Sherwood,137,59,74
CLARK,T,Thorp,259,68,189
CLARK,T,Unity,264,75,184
CLARK,T,Warner,204,64,138
CLARK,T,Washburn,133,29,101
CLARK,T,Weston,292,90,199
CLARK,T,Withee,245,66,173
CLARK,T,Worden,208,64,140
CLARK,T,York,288,100,180
CLARK,V,Curtiss,41,15,24
CLARK,V,Dorchester,242,57,184
CLARK,V,Granton,139,55,79
CLARK,V,Unity,49,12,34
CLARK,V,Withee,198,68,125
COLUMBIA,C,Columbus,2409,1412,959
COLUMBIA,C,Lodi,1689,1069,610
COLUMBIA,C,Portage,3228,2013,1177
COLUMBIA,C,Wisconsin Dells,1002,516,473
COLUMBIA,T,Arlington,463,219,243
COLUMBIA,T,Caledonia,851,489,353
COLUMBIA,T,Columbus,356,137,212
COLUMBIA,T,Courtland,247,69,174
COLUMBIA,T,Dekorra,1490,733,744
COLUMBIA,T,Fort Winnebago,478,209,265
COLUMBIA,T,Fountain Prairie,491,230,259
COLUMBIA,T,Hampden,336,153,181
COLUMBIA,T,Leeds,461,208,243
COLUMBIA,T,Lewiston,631,300,327
COLUMBIA,T,Lodi,1961,966,977
COLUMBIA,T,Lowville,613,271,340
COLUMBIA,T,Marcellon,479,195,276
COLUMBIA,T,Newport,355,150,201
COLUMBIA,T,Otsego,370,163,204
COLUMBIA,T,Pacific,1558,770,775
COLUMBIA,T,Randolph,417,88,325
COLUMBIA,T,Scott,348,130,212
COLUMBIA,T,Springvale,293,130,160
COLUMBIA,T,West Point,1282,710,559
COLUMBIA,T,Wyocena,915,442,462
COLUMBIA,V,Arlington,418,219,197
COLUMBIA,V,Cambria,289,139,145
COLUMBIA,V,Doylestown,123,56,65
COLUMBIA,V,Fall River,750,380,359
COLUMBIA,V,Friesland,162,47,111
COLUMBIA,V,Pardeeville,885,437,438
COLUMBIA,V,Poynette,1150,642,496
COLUMBIA,V,Randolph,202,61,139
COLUMBIA,V,Rio,492,273,212
COLUMBIA,V,Wyocena,282,142,135
CRAWFORD,C,Prairie Du Chien,1973,1109,844
CRAWFORD,T,Bridgeport,483,196,282
CRAWFORD,T,Clayton,466,252,209
CRAWFORD,T,Eastman,366,134,228
CRAWFORD,T,Freeman,404,214,186
CRAWFORD,T,Haney,143,62,79
CRAWFORD,T,Marietta,247,91,154
CRAWFORD,T,Prairie Du Chien,430,184,243
CRAWFORD,T,Scott,223,115,105
CRAWFORD,T,Seneca,459,222,232
CRAWFORD,T,Utica,324,185,135
CRAWFORD,T,Wauzeka,197,73,121
CRAWFORD,V,Bell Center,43,22,19
CRAWFORD,V,De Soto,29,17,11
CRAWFORD,V,Eastman,155,41,109
CRAWFORD,V,Ferryville,128,56,70
CRAWFORD,V,Gays Mills,239,117,114
CRAWFORD,V,Lynxville,65,32,31
CRAWFORD,V,Mt. Sterling,74,45,29
CRAWFORD,V,Soldiers Grove,234,115,116
CRAWFORD,V,Steuben,53,17,34
CRAWFORD,V,Wauzeka,271,130,135
DANE,C,Edgerton,58,25,33
DANE,C,Fitchburg,14545,11887,2560
DANE,C,Madison,144889,126092,17965
DANE,C,Middleton,12109,9985,2038
DANE,C,Monona,5344,4492,816
DANE,C,Stoughton,6878,5030,1764
DANE,C,Sun Prairie,17056,12513,4390
DANE,C,Verona,7799,5941,1784
DANE,T,Albion,1026,558,451
DANE,T,Berry,740,436,295
DANE,T,Black Earth,340,193,145
DANE,T,Blooming Grove,845,675,163
DANE,T,Blue Mounds,590,378,210
DANE,T,Bristol,2474,1378,1075
DANE,T,Burke,1766,1120,636
DANE,T,Christiana,667,362,297
DANE,T,Cottage Grove,2283,1422,847
DANE,T,Cross Plains,1000,589,405
DANE,T,Dane,511,209,296
DANE,T,Deerfield,897,508,383
DANE,T,Dunkirk,1143,688,445
DANE,T,Dunn,3119,2080,1016
DANE,T,Mazomanie,607,340,261
DANE,T,Medina,744,357,381
DANE,T,Middleton,3813,2595,1206
DANE,T,Montrose,668,449,213
DANE,T,Oregon,2036,1357,654
DANE,T,Perry,451,283,161
DANE,T,Pleasant Springs,2010,1201,790
DANE,T,Primrose,455,303,147
DANE,T,Roxbury,1062,591,452
DANE,T,Rutland,1203,771,426
DANE,T,Springdale,1285,798,480
DANE,T,Springfield,1644,916,704
DANE,T,Sun Prairie,1334,791,529
DANE,T,Vermont,589,397,187
DANE,T,Verona,1309,880,420
DANE,T,Vienna,879,467,396
DANE,T,Westport,2820,1842,966
DANE,T,York,403,203,199
DANE,V,Belleville,1174,814,343
DANE,V,Black Earth,815,545,261
DANE,V,Blue Mounds,514,364,143
DANE,V,Brooklyn,508,347,154
DANE,V,Cambridge,929,630,292
DANE,V,Cottage Grove,4035,2833,1179
DANE,V,Cross Plains,2244,1583,642
DANE,V,Dane,524,264,249
DANE,V,Deerfield,1251,788,447
DANE,V,Deforest,5567,3726,1790
DANE,V,Maple Bluff,1014,719,290
DANE,V,Marshall,1621,940,662
DANE,V,Mazomanie,911,610,292
DANE,V,Mcfarland,5285,3882,1366
DANE,V,Mount Horeb,4236,2997,1198
DANE,V,Oregon,6282,4574,1650
DANE,V,Rockdale,103,71,30
DANE,V,Shorewood Hills,1449,1334,112
DANE,V,Waunakee,8458,5544,2839
DANE,V,Windsor,4722,2910,1775
DODGE,C,Beaver Dam,6125,3233,2814
DODGE,C,Columbus,0,0,0
DODGE,C,Fox Lake,640,240,390
DODGE,C,Hartford,6,1,5
DODGE,C,Horicon,1557,582,948
DODGE,C,Juneau,867,319,536
DODGE,C,Mayville,2325,787,1507
DODGE,C,Watertown,3746,1361,2341
DODGE,C,Waupun,1898,707,1179
DODGE,T,Ashippun,1553,362,1183
DODGE,T,Beaver Dam,2023,875,1134
DODGE,T,Burnett,452,132,315
DODGE,T,Calamus,499,185,309
DODGE,T,Chester,314,82,231
DODGE,T,Clyman,413,89,318
DODGE,T,Elba,548,228,317
DODGE,T,Emmet,737,168,565
DODGE,T,Fox Lake,688,200,483
DODGE,T,Herman,703,114,584
DODGE,T,Hubbard,988,311,668
DODGE,T,Hustisford,797,160,629
DODGE,T,Lebanon,834,200,625
DODGE,T,Leroy,525,95,427
DODGE,T,Lomira,636,100,528
DODGE,T,Lowell,529,144,380
DODGE,T,Oak Grove,542,163,373
DODGE,T,Portland,567,205,358
DODGE,T,Rubicon,1306,239,1059
DODGE,T,Shields,308,88,217
DODGE,T,Theresa,600,109,487
DODGE,T,Trenton,656,176,473
DODGE,T,Westford,685,265,412
DODGE,T,Williamstown,0,0,0
DODGE,V,Brownsville,380,92,284
DODGE,V,Clyman,124,39,82
DODGE,V,Hustisford,527,130,391
DODGE,V,Iron Ridge,448,115,322
DODGE,V,Kekoskee,510,105,402
DODGE,V,Lomira,1120,292,816
DODGE,V,Lowell,129,42,86
DODGE,V,Neosho,303,65,232
DODGE,V,Randolph,521,175,341
DODGE,V,Reeseville,277,103,172
DODGE,V,Theresa,676,162,505
DOOR,C,Sturgeon Bay,4509,2630,1824
DOOR,T,Baileys Harbor,829,509,314
DOOR,T,Brussels,580,182,389
DOOR,T,Clay Banks,237,113,121
DOOR,T,Egg Harbor,974,509,459
DOOR,T,Forestville,550,203,338
DOOR,T,Gardner,715,261,439
DOOR,T,Gibraltar,883,513,359
DOOR,T,Jacksonport,570,283,286
DOOR,T,Liberty Grove,1406,841,557
DOOR,T,Nasewaupee,1141,507,628
DOOR,T,Sevastopol,1833,896,924
DOOR,T,Sturgeon Bay,468,204,259
DOOR,T,Union,614,210,393
DOOR,T,Washington,564,280,274
DOOR,V,Egg Harbor,253,158,95
DOOR,V,Ephraim,244,139,104
DOOR,V,Forestville,229,91,134
DOOR,V,Sister Bay,706,455,248
DOUGLAS,C,Superior,9812,6282,3404
DOUGLAS,T,Amnicon,566,284,280
DOUGLAS,T,Bennett,371,163,204
DOUGLAS,T,Brule,343,202,136
DOUGLAS,T,Cloverland,103,48,55
DOUGLAS,T,Dairyland,109,21,86
DOUGLAS,T,Gordon,406,168,232
DOUGLAS,T,Hawthorne,469,190,277
DOUGLAS,T,Highland,195,104,87
DOUGLAS,T,Lakeside,358,173,181
DOUGLAS,T,Maple,354,200,150
DOUGLAS,T,Oakland,580,308,265
DOUGLAS,T,Parkland,508,277,224
DOUGLAS,T,Solon Springs,542,216,321
DOUGLAS,T,Summit,496,276,213
DOUGLAS,T,Superior,1094,559,525
DOUGLAS,T,Wascott,523,245,277
DOUGLAS,V,Lake Nebagamon,643,299,341
DOUGLAS,V,Oliver,199,116,80
DOUGLAS,V,Poplar,319,117,199
DOUGLAS,V,Solon Springs,300,151,145
DOUGLAS,V,Superior,349,207,141
DUNN,C,Menomonie,5342,3250,2025
DUNN,T,Colfax,573,215,352
DUNN,T,Dunn,710,298,397
DUNN,T,Eau Galle,392,123,266
DUNN,T,Elk Mound,830,299,519
DUNN,T,Grant,221,79,140
DUNN,T,Hay River,273,104,167
DUNN,T,Lucas,355,117,236
DUNN,T,Menomonie,1553,676,863
DUNN,T,New Haven,292,91,198
DUNN,T,Otter Creek,255,87,162
DUNN,T,Peru,108,34,73
DUNN,T,Red Cedar,1166,448,704
DUNN,T,Rock Creek,461,184,271
DUNN,T,Sand Creek,255,96,155
DUNN,T,Sheridan,225,69,152
DUNN,T,Sherman,470,161,307
DUNN,T,Spring Brook,826,304,508
DUNN,T,Stanton,395,143,251
DUNN,T,Tainter,1357,611,733
DUNN,T,Tiffany,281,75,203
DUNN,T,Weston,256,99,156
DUNN,T,Wilson,246,98,143
DUNN,V,Boyceville,374,140,226
DUNN,V,Colfax,427,207,208
DUNN,V,Downing,100,26,71
DUNN,V,Elk Mound,333,148,180
DUNN,V,Knapp,184,46,133
DUNN,V,Ridgeland,95,41,53
DUNN,V,Wheeler,80,30,47
EAU CLAIRE,C,Altoona,3875,2217,1616
EAU CLAIRE,C,Augusta,546,211,312
EAU CLAIRE,C,Eau Claire,29724,19251,10142
EAU CLAIRE,T,Bridge Creek,581,213,360
EAU CLAIRE,T,Brunswick,1050,484,553
EAU CLAIRE,T,Clear Creek,400,138,257
EAU CLAIRE,T,Drammen,407,149,253
EAU CLAIRE,T,Fairchild,128,39,88
EAU CLAIRE,T,Lincoln,580,201,373
EAU CLAIRE,T,Ludington,551,207,337
EAU CLAIRE,T,Otter Creek,211,71,133
EAU CLAIRE,T,Pleasant Valley,2256,993,1243
EAU CLAIRE,T,Seymour,1818,831,972
EAU CLAIRE,T,Union,1332,646,674
EAU CLAIRE,T,Washington,4023,2007,1983
EAU CLAIRE,T,Wilson,172,46,125
EAU CLAIRE,V,Fairchild,143,55,85
EAU CLAIRE,V,Fall Creek,664,304,350
EAU CLAIRE,V,Lake Hallie,0,0,0
FLORENCE,T,Aurora,495,126,364
FLORENCE,T,Commonwealth,213,56,157
FLORENCE,T,Fence,114,19,93
FLORENCE,T,Fern,119,21,97
FLORENCE,T,Florence,1143,335,795
FLORENCE,T,Homestead,225,55,169
FLORENCE,T,Long Lake,114,30,83
FLORENCE,T,Tipler,94,13,80
FOND DU LAC,C,Fond Du Lac,16331,7489,8654
FOND DU LAC,C,Ripon,3141,1462,1637
FOND DU LAC,C,Waupun,1617,461,1140
FOND DU LAC,T,Alto,583,81,496
FOND DU LAC,T,Ashford,993,199,786
FOND DU LAC,T,Auburn,1437,258,1166
FOND DU LAC,T,Byron,956,227,724
FOND DU LAC,T,Calumet,806,207,596
FOND DU LAC,T,Eden,613,121,486
FOND DU LAC,T,Eldorado,804,199,600
FOND DU LAC,T,Empire,1688,554,1120
FOND DU LAC,T,Fond Du Lac,2032,715,1294
FOND DU LAC,T,Forest,596,114,477
FOND DU LAC,T,Friendship,1195,360,825
FOND DU LAC,T,Lamartine,996,258,725
FOND DU LAC,T,Marshfield,633,147,484
FOND DU LAC,T,Metomen,376,98,270
FOND DU LAC,T,Oakfield,378,92,282
FOND DU LAC,T,Osceola,1099,223,866
FOND DU LAC,T,Ripon,730,246,478
FOND DU LAC,T,Rosendale,380,107,273
FOND DU LAC,T,Springvale,387,86,293
FOND DU LAC,T,Taycheedah,2776,870,1891
FOND DU LAC,T,Waupun,788,173,609
FOND DU LAC,V,Brandon,428,123,295
FOND DU LAC,V,Campbellsport,894,249,638
FOND DU LAC,V,Eden,347,81,264
FOND DU LAC,V,Fairwater,163,41,121
FOND DU LAC,V,Kewaskum,0,0,0
FOND DU LAC,V,Mount Calvary,280,68,212
FOND DU LAC,V,North Fond Du Lac,1949,910,1014
FOND DU LAC,V,Oakfield,539,168,364
FOND DU LAC,V,Rosendale,512,141,365
FOND DU LAC,V,St. Cloud,271,70,197
FOREST,C,Crandon,679,223,441
FOREST,T,Alvin,96,21,72
FOREST,T,Argonne,254,72,179
FOREST,T,Armstrong Creek,227,63,161
FOREST,T,Blackwell,56,13,41
FOREST,T,Caswell,50,10,38
FOREST,T,Crandon,284,91,190
FOREST,T,Freedom,236,76,157
FOREST,T,Hiles,229,76,152
FOREST,T,Laona,548,194,347
FOREST,T,Lincoln,474,209,257
FOREST,T,Nashville,563,234,318
FOREST,T,Popple River,25,8,17
FOREST,T,Ross,78,9,67
FOREST,T,Wabeno,391,153,233
GRANT,C,Boscobel,1020,526,480
GRANT,C,Cuba City,795,439,339
GRANT,C,Fennimore,927,448,471
GRANT,C,Lancaster,1503,683,804
GRANT,C,Platteville,3809,2329,1435
GRANT,T,Beetown,272,68,203
GRANT,T,Bloomington,172,57,112
GRANT,T,Boscobel,170,76,90
GRANT,T,Cassville,173,43,128
GRANT,T,Castle Rock,130,51,78
GRANT,T,Clifton,109,52,55
GRANT,T,Ellenboro,269,81,187
GRANT,T,Fennimore,204,87,115
GRANT,T,Glen Haven,166,41,125
GRANT,T,Harrison,265,92,169
GRANT,T,Hazel Green,493,236,248
GRANT,T,Hickory Grove,147,57,85
GRANT,T,Jamestown,1015,374,632
GRANT,T,Liberty,199,51,144
GRANT,T,Lima,337,142,191
GRANT,T,Little Grant,132,39,91
GRANT,T,Marion,203,70,132
GRANT,T,Millville,76,33,42
GRANT,T,Mount Hope,82,25,56
GRANT,T,Mount Ida,218,72,142
GRANT,T,Muscoda,275,103,169
GRANT,T,North Lancaster,257,90,162
GRANT,T,Paris,360,125,232
GRANT,T,Patch Grove,122,54,63
GRANT,T,Platteville,744,390,346
GRANT,T,Potosi,407,152,252
GRANT,T,Smelser,417,177,238
GRANT,T,South Lancaster,322,117,197
GRANT,T,Waterloo,267,82,182
GRANT,T,Watterstown,168,62,105
GRANT,T,Wingville,154,75,77
GRANT,T,Woodman,81,25,55
GRANT,T,Wyalusing,175,74,99
GRANT,V,Bagley,155,70,82
GRANT,V,Bloomington,292,112,174
GRANT,V,Blue River,167,80,85
GRANT,V,Cassville,366,157,204
GRANT,V,Dickeyville,478,203,267
GRANT,V,Hazel Green,454,219,229
GRANT,V,Livingston,276,139,132
GRANT,V,Montfort,232,120,110
GRANT,V,Mount Hope,65,29,33
GRANT,V,Muscoda,433,207,215
GRANT,V,Patch Grove,60,26,33
GRANT,V,Potosi,296,106,186
GRANT,V,Tennyson,150,55,93
GRANT,V,Woodman,35,13,20
GREEN,C,Brodhead,1116,598,489
GREEN,C,Monroe,4322,2532,1726
GREEN,T,Adams,283,152,128
GREEN,T,Albany,616,319,293
GREEN,T,Brooklyn,702,403,296
GREEN,T,Cadiz,411,164,241
GREEN,T,Clarno,605,237,360
GREEN,T,Decatur,878,418,449
GREEN,T,Exeter,1185,727,436
GREEN,T,Jefferson,565,209,346
GREEN,T,Jordan,307,149,155
GREEN,T,Monroe,657,287,358
GREEN,T,Mount Pleasant,364,192,167
GREEN,T,New Glarus,836,486,345
GREEN,T,Spring Grove,439,150,278
GREEN,T,Sylvester,585,247,330
GREEN,T,Washington,435,220,208
GREEN,T,York,601,358,236
GREEN,V,Albany,402,245,148
GREEN,V,Belleville,279,192,84
GREEN,V,Brooklyn,196,136,58
GREEN,V,Browntown,100,40,58
GREEN,V,Monticello,506,318,185
GREEN,V,New Glarus,1142,824,307
GREEN LAKE,C,Berlin,1836,699,1109
GREEN LAKE,C,Green Lake,527,210,306
GREEN LAKE,C,Markesan,578,155,414
GREEN LAKE,C,Princeton,535,180,344
GREEN LAKE,T,Berlin,637,152,481
GREEN LAKE,T,Brooklyn,1177,431,734
GREEN LAKE,T,Green Lake,726,186,535
GREEN LAKE,T,Kingston,261,63,197
GREEN LAKE,T,Mackford,261,43,218
GREEN LAKE,T,Manchester,350,85,262
GREEN LAKE,T,Marquette,265,70,190
GREEN LAKE,T,Princeton,895,296,594
GREEN LAKE,T,Seneca,192,47,141
GREEN LAKE,T,St. Marie,208,52,153
GREEN LAKE,V,Kingston,160,47,110
GREEN LAKE,V,Marquette,106,30,76
IOWA,C,Dodgeville,2193,1417,741
IOWA,C,Mineral Point,1269,860,399
IOWA,T,Arena,780,458,317
IOWA,T,Brigham,647,414,228
IOWA,T,Clyde,192,113,78
IOWA,T,Dodgeville,919,554,358
IOWA,T,Eden,201,98,103
IOWA,T,Highland,375,180,191
IOWA,T,Linden,356,147,203
IOWA,T,Mifflin,248,106,140
IOWA,T,Mineral Point,512,242,268
IOWA,T,Moscow,338,185,152
IOWA,T,Pulaski,157,67,89
IOWA,T,Ridgeway,348,221,121
IOWA,T,Waldwick,244,129,115
IOWA,T,Wyoming,245,158,83
IOWA,V,Arena,380,205,172
IOWA,V,Avoca,194,91,98
IOWA,V,Barneveld,622,358,259
IOWA,V,Blanchardville,102,62,39
IOWA,V,Cobb,221,132,86
IOWA,V,Highland,366,188,173
IOWA,V,Hollandale,123,85,37
IOWA,V,Linden,180,102,76
IOWA,V,Livingston,2,0,2
IOWA,V,Montfort,50,30,19
IOWA,V,Muscoda,9,4,5
IOWA,V,Rewey,98,55,41
IOWA,V,Ridgeway,307,176,124
IRON,C,Hurley,586,250,333
IRON,C,Montreal,364,167,196
IRON,T,Anderson,38,19,18
IRON,T,Carey,89,25,64
IRON,T,Gurney,92,39,51
IRON,T,Kimball,283,111,167
IRON,T,Knight,107,39,64
IRON,T,Mercer,985,348,624
IRON,T,Oma,228,86,140
IRON,T,Pence,95,40,55
IRON,T,Saxon,191,61,124
IRON,T,Sherman,202,74,128
JACKSON,C,Black River Falls,1300,709,574
JACKSON,T,Adams,713,299,408
JACKSON,T,Albion,569,245,319
JACKSON,T,Alma,421,150,271
JACKSON,T,Bear Bluff,76,8,66
JACKSON,T,Brockway,676,394,271
JACKSON,T,City Point,98,40,58
JACKSON,T,Cleveland,216,64,148
JACKSON,T,Curran,145,65,79
JACKSON,T,Franklin,138,63,69
JACKSON,T,Garden Valley,201,59,140
JACKSON,T,Garfield,320,108,205
JACKSON,T,Hixton,270,96,172
JACKSON,T,Irving,319,130,182
JACKSON,T,Knapp,161,47,108
JACKSON,T,Komensky,131,101,27
JACKSON,T,Manchester,359,124,230
JACKSON,T,Melrose,191,64,123
JACKSON,T,Millston,105,35,70
JACKSON,T,North Bend,218,91,122
JACKSON,T,Northfield,296,105,181
JACKSON,T,Springfield,204,88,113
JACKSON,V,Alma Center,188,108,79
JACKSON,V,Hixton,172,69,99
JACKSON,V,Melrose,209,105,104
JACKSON,V,Merrillan,169,78,87
JACKSON,V,Taylor,134,60,70
JEFFERSON,C,Fort Atkinson,5039,2842,2130
JEFFERSON,C,Jefferson,3117,1525,1544
JEFFERSON,C,Lake Mills,3189,1794,1363
JEFFERSON,C,Waterloo,1462,725,721
JEFFERSON,C,Watertown,5539,2096,3344
JEFFERSON,C,Whitewater,795,491,290
JEFFERSON,T,Aztalan,770,315,444
JEFFERSON,T,Cold Spring,414,172,238
JEFFERSON,T,Concord,1108,347,750
JEFFERSON,T,Farmington,833,239,581
JEFFERSON,T,Hebron,601,198,399
JEFFERSON,T,Ixonia,2582,703,1854
JEFFERSON,T,Jefferson,1048,364,679
JEFFERSON,T,Koshkonong,1937,777,1137
JEFFERSON,T,Lake Mills,1268,671,585
JEFFERSON,T,Milford,603,237,360
JEFFERSON,T,Oakland,1889,1032,839
JEFFERSON,T,Palmyra,709,220,484
JEFFERSON,T,Sullivan,1205,348,846
JEFFERSON,T,Sumner,494,200,286
JEFFERSON,T,Waterloo,512,220,286
JEFFERSON,T,Watertown,1138,308,822
JEFFERSON,V,Cambridge,46,27,17
JEFFERSON,V,Johnson Creek,1362,583,765
JEFFERSON,V,Lac La Belle,0,0,0
JEFFERSON,V,Palmyra,761,233,518
JEFFERSON,V,Sullivan,311,98,206
JUNEAU,C,Elroy,452,235,209
JUNEAU,C,Mauston,1377,673,678
JUNEAU,C,New Lisbon,489,169,304
JUNEAU,C,Wisconsin Dells,0,0,0
JUNEAU,T,Armenia,357,120,232
JUNEAU,T,Clearfield,374,116,252
JUNEAU,T,Cutler,188,51,134
JUNEAU,T,Finley,49,9,36
JUNEAU,T,Fountain,286,99,181
JUNEAU,T,Germantown,895,288,599
JUNEAU,T,Kildare,311,114,193
JUNEAU,T,Kingston,14,1,13
JUNEAU,T,Lemonweir,694,270,416
JUNEAU,T,Lindina,381,169,211
JUNEAU,T,Lisbon,431,161,267
JUNEAU,T,Lyndon,599,277,316
JUNEAU,T,Marion,193,53,140
JUNEAU,T,Necedah,1116,304,797
JUNEAU,T,Orange,238,69,164
JUNEAU,T,Plymouth,299,106,186
JUNEAU,T,Seven Mile Creek,167,60,103
JUNEAU,T,Summit,315,99,215
JUNEAU,T,Wonewoc,309,118,189
JUNEAU,V,Camp Douglas,228,85,138
JUNEAU,V,Hustler,82,39,40
JUNEAU,V,Lyndon Station,182,86,96
JUNEAU,V,Necedah,359,150,191
JUNEAU,V,Union Center,97,24,72
JUNEAU,V,Wonewoc,256,103,144
KENOSHA,C,Kenosha,33387,19339,13598
KENOSHA,T,Brighton,854,239,608
KENOSHA,T,Paris,856,268,579
KENOSHA,T,Randall,1582,517,1041
KENOSHA,T,Somers,452,203,244
KENOSHA,T,Wheatland,1684,580,1082
KENOSHA,V,Bristol,2572,885,1646
KENOSHA,V,Genoa City,0,0,0
KENOSHA,V,Paddock Lake,1293,464,815
KENOSHA,V,Pleasant Prairie,10282,4584,5593
KENOSHA,V,Salem Lakes,6468,2241,4147
KENOSHA,V,Somers,4026,1911,2072
KENOSHA,V,Twin Lakes,2617,945,1643
KEWAUNEE,C,Algoma,1408,739,644
KEWAUNEE,C,Kewaunee,1241,536,690
KEWAUNEE,T,Ahnapee,422,173,239
KEWAUNEE,T,Carlton,539,159,366
KEWAUNEE,T,Casco,618,172,438
KEWAUNEE,T,Franklin,513,156,349
KEWAUNEE,T,Lincoln,395,137,252
KEWAUNEE,T,Luxemburg,784,187,583
KEWAUNEE,T,Montpelier,767,217,542
KEWAUNEE,T,Pierce,398,166,227
KEWAUNEE,T,Red River,732,232,495
KEWAUNEE,T,West Kewaunee,661,155,502
KEWAUNEE,V,Casco,277,92,182
KEWAUNEE,V,Luxemburg,1138,408,720
LA CROSSE,C,La Crosse,21982,14875,6792
LA CROSSE,C,Onalaska,8932,4896,3931
LA CROSSE,T,Bangor,296,133,160
LA CROSSE,T,Barre,695,251,440
LA CROSSE,T,Burns,491,180,303
LA CROSSE,T,Campbell,2135,1232,866
LA CROSSE,T,Farmington,1002,403,584
LA CROSSE,T,Greenfield,1139,563,559
LA CROSSE,T,Hamilton,1235,505,718
LA CROSSE,T,Holland,2377,1091,1258
LA CROSSE,T,Medary,973,522,442
LA CROSSE,T,Onalaska,2924,1424,1463
LA CROSSE,T,Shelby,2794,1644,1114
LA CROSSE,T,Washington,261,121,137
LA CROSSE,V,Bangor,680,340,331
LA CROSSE,V,Holmen,4609,2617,1944
LA CROSSE,V,Rockland,328,158,168
LA CROSSE,V,West Salem,2316,1164,1115
LAFAYETTE,C,Cuba City,126,65,60
LAFAYETTE,C,Darlington,766,440,316
LAFAYETTE,C,Shullsburg,454,253,191
LAFAYETTE,T,Argyle,230,107,122
LAFAYETTE,T,Belmont,267,117,146
LAFAYETTE,T,Benton,233,66,164
LAFAYETTE,T,Blanchard,162,78,80
LAFAYETTE,T,Darlington,418,168,248
LAFAYETTE,T,Elk Grove,178,70,108
LAFAYETTE,T,Fayette,175,71,102
LAFAYETTE,T,Gratiot,233,90,141
LAFAYETTE,T,Kendall,153,50,98
LAFAYETTE,T,Lamont,133,57,76
LAFAYETTE,T,Monticello,51,11,39
LAFAYETTE,T,New Diggings,207,83,123
LAFAYETTE,T,Seymour,136,38,97
LAFAYETTE,T,Shullsburg,140,52,88
LAFAYETTE,T,Wayne,198,52,145
LAFAYETTE,T,White Oak Springs,57,16,41
LAFAYETTE,T,Willow Springs,320,119,200
LAFAYETTE,T,Wiota,373,175,198
LAFAYETTE,V,Argyle,306,175,129
LAFAYETTE,V,Belmont,365,169,191
LAFAYETTE,V,Benton,370,213,153
LAFAYETTE,V,Blanchardville,279,178,98
LAFAYETTE,V,Gratiot,90,43,47
LAFAYETTE,V,Hazel Green,9,6,2
LAFAYETTE,V,South Wayne,140,43,95
LANGLADE,C,Antigo,2745,1111,1591
LANGLADE,T,Ackley,268,86,177
LANGLADE,T,Ainsworth,291,63,228
LANGLADE,T,Antigo,690,212,470
LANGLADE,T,Elcho,737,242,485
LANGLADE,T,Evergreen,244,70,171
LANGLADE,T,Langlade,261,83,178
LANGLADE,T,Neva,429,135,288
LANGLADE,T,Norwood,471,125,340
LANGLADE,T,Parrish,67,20,46
LANGLADE,T,Peck,182,37,145
LANGLADE,T,Polar,572,162,401
LANGLADE,T,Price,107,34,72
LANGLADE,T,Rolling,743,219,519
LANGLADE,T,Summit,79,21,56
LANGLADE,T,Upham,466,133,329
LANGLADE,T,Vilas,106,18,88
LANGLADE,T,Wolf River,450,138,305
LANGLADE,V,White Lake,127,49,77
LINCOLN,C,Merrill,3562,1672,1797
LINCOLN,C,Tomahawk,1433,645,764
LINCOLN,T,Birch,227,71,155
LINCOLN,T,Bradley,1405,537,852
LINCOLN,T,Corning,442,116,318
LINCOLN,T,Harding,212,68,139
LINCOLN,T,Harrison,534,180,347
LINCOLN,T,King,605,244,353
LINCOLN,T,Merrill,1474,505,953
LINCOLN,T,Pine River,1022,326,678
LINCOLN,T,Rock Falls,376,114,256
LINCOLN,T,Russell,293,105,177
LINCOLN,T,Schley,439,116,320
LINCOLN,T,Scott,713,227,475
LINCOLN,T,Skanawan,252,106,142
LINCOLN,T,Somo,61,20,39
LINCOLN,T,Tomahawk,281,98,179
LINCOLN,T,Wilson,221,76,140
MANITOWOC,C,Kiel,1681,665,996
MANITOWOC,C,Manitowoc,13000,6108,6688
MANITOWOC,C,Two Rivers,4611,2084,2446
MANITOWOC,T,Cato,847,253,586
MANITOWOC,T,Centerville,357,119,235
MANITOWOC,T,Cooperstown,700,193,496
MANITOWOC,T,Eaton,462,116,344
MANITOWOC,T,Franklin,657,173,477
MANITOWOC,T,Gibson,701,234,461
MANITOWOC,T,Kossuth,1058,344,704
MANITOWOC,T,Liberty,698,182,508
MANITOWOC,T,Manitowoc,573,195,368
MANITOWOC,T,Manitowoc Rapids,1336,444,876
MANITOWOC,T,Maple Grove,398,70,325
MANITOWOC,T,Meeme,828,243,572
MANITOWOC,T,Mishicot,643,194,446
MANITOWOC,T,Newton,1182,322,842
MANITOWOC,T,Rockland,505,117,383
MANITOWOC,T,Schleswig,1112,351,749
MANITOWOC,T,Two Creeks,230,73,154
MANITOWOC,T,Two Rivers,903,310,575
MANITOWOC,V,Cleveland,702,254,439
MANITOWOC,V,Francis Creek,331,106,213
MANITOWOC,V,Kellnersville,131,49,80
MANITOWOC,V,Maribel,142,44,95
MANITOWOC,V,Mishicot,652,231,411
MANITOWOC,V,Reedsville,485,145,327
MANITOWOC,V,St. Nazianz,303,82,216
MANITOWOC,V,Valders,423,113,301
MANITOWOC,V,Whitelaw,387,123,260
MARATHON,C,Abbotsford,97,36,61
MARATHON,C,Colby,203,84,115
MARATHON,C,Marshfield,418,226,190
MARATHON,C,Mosinee,1965,765,1172
MARATHON,C,Schofield,844,410,425
MARATHON,C,Wausau,14780,8090,6500
MARATHON,T,Bergen,440,166,271
MARATHON,T,Berlin,538,143,390
MARATHON,T,Bern,228,55,166
MARATHON,T,Bevent,564,204,351
MARATHON,T,Brighton,220,48,170
MARATHON,T,Cassel,501,159,337
MARATHON,T,Cleveland,791,193,586
MARATHON,T,Day,554,169,378
MARATHON,T,Easton,670,185,477
MARATHON,T,Eau Pleine,361,103,252
MARATHON,T,Elderon,337,88,246
MARATHON,T,Emmet,482,162,312
MARATHON,T,Frankfort,278,74,201
MARATHON,T,Franzen,285,72,211
MARATHON,T,Green Valley,313,97,215
MARATHON,T,Guenther,208,55,149
MARATHON,T,Halsey,266,57,205
MARATHON,T,Hamburg,416,109,300
MARATHON,T,Harrison,160,41,117
MARATHON,T,Hewitt,334,81,250
MARATHON,T,Holton,357,71,278
MARATHON,T,Hull,284,66,218
MARATHON,T,Johnson,324,89,233
MARATHON,T,Knowlton,1117,387,717
MARATHON,T,Marathon,568,141,422
MARATHON,T,Mcmillan,1088,430,653
MARATHON,T,Mosinee,1152,357,782
MARATHON,T,Norrie,517,157,350
MARATHON,T,Plover,318,94,222
MARATHON,T,Reid,670,221,443
MARATHON,T,Rib Falls,530,128,396
MARATHON,T,Rib Mountain,4029,1700,2297
MARATHON,T,Rietbrock,440,106,324
MARATHON,T,Ringle,966,334,623
MARATHON,T,Spencer,738,221,505
MARATHON,T,Stettin,1410,457,936
MARATHON,T,Texas,927,294,622
MARATHON,T,Wausau,1218,411,794
MARATHON,T,Weston,337,99,238
MARATHON,T,Wien,395,117,276
MARATHON,V,Athens,540,196,336
MARATHON,V,Birnamwood,13,4,9
MARATHON,V,Dorchester,0,0,0
MARATHON,V,Edgar,669,253,407
MARATHON,V,Elderon,63,22,41
MARATHON,V,Fenwood,72,15,55
MARATHON,V,Hatley,313,97,209
MARATHON,V,Kronenwetter,3904,1587,2285
MARATHON,V,Maine,1492,545,932
MARATHON,V,Marathon City,751,258,479
MARATHON,V,Rothschild,2538,1193,1312
MARATHON,V,Spencer,700,239,441
MARATHON,V,Stratford,699,227,463
MARATHON,V,Unity,78,19,57
MARATHON,V,Weston,6300,2756,3458
MARINETTE,C,Marinette,3476,1539,1874
MARINETTE,C,Niagara,587,208,369
MARINETTE,C,Peshtigo,1252,455,775
MARINETTE,T,Amberg,403,117,281
MARINETTE,T,Athelstane,310,84,225
MARINETTE,T,Beaver,592,134,453
MARINETTE,T,Beecher,423,114,301
MARINETTE,T,Dunbar,316,74,235
MARINETTE,T,Goodman,305,116,187
MARINETTE,T,Grover,835,193,631
MARINETTE,T,Lake,619,183,431
MARINETTE,T,Middle Inlet,476,144,328
MARINETTE,T,Niagara,453,118,331
MARINETTE,T,Pembine,438,120,308
MARINETTE,T,Peshtigo,2177,811,1331
MARINETTE,T,Porterfield,905,286,602
MARINETTE,T,Pound,634,143,481
MARINETTE,T,Silver Cliff,365,110,251
MARINETTE,T,Stephenson,1931,550,1368
MARINETTE,T,Wagner,358,116,238
MARINETTE,T,Wausaukee,660,192,463
MARINETTE,V,Coleman,314,79,230
MARINETTE,V,Crivitz,386,145,232
MARINETTE,V,Pound,134,19,113
MARINETTE,V,Wausaukee,192,60,126
MARQUETTE,C,Montello,576,258,310
MARQUETTE,T,Buffalo,521,205,313
MARQUETTE,T,Crystal Lake,301,103,196
MARQUETTE,T,Douglas,419,158,255
MARQUETTE,T,Harris,408,154,251
MARQUETTE,T,Mecan,402,157,243
MARQUETTE,T,Montello,595,209,379
MARQUETTE,T,Moundville,240,97,139
MARQUETTE,T,Neshkoro,334,81,248
MARQUETTE,T,Newton,219,58,159
MARQUETTE,T,Oxford,466,157,304
MARQUETTE,T,Packwaukee,696,245,445
MARQUETTE,T,Shields,311,107,200
MARQUETTE,T,Springfield,450,163,282
MARQUETTE,T,Westfield,434,158,265
MARQUETTE,V,Endeavor,166,63,97
MARQUETTE,V,Neshkoro,169,54,112
MARQUETTE,V,Oxford,224,93,126
MARQUETTE,V,Westfield,407,177,225
MENOMINEE,T,Menominee,1245,979,254
MILWAUKEE,C,Cudahy,7271,4228,2958
MILWAUKEE,C,Franklin,17983,8387,9453
MILWAUKEE,C,Glendale,7360,5453,1845
MILWAUKEE,C,Greenfield,16448,8886,7390
MILWAUKEE,C,Milwaukee,176709,143023,31903
MILWAUKEE,C,Oak Creek,16083,7853,8068
MILWAUKEE,C,South Milwaukee,8446,4482,3869
MILWAUKEE,C,St. Francis,4674,2955,1660
MILWAUKEE,C,Wauwatosa,26570,18548,7838
MILWAUKEE,C,West Allis,22352,12747,9283
MILWAUKEE,V,Bayside,2587,1915,661
MILWAUKEE,V,Brown Deer,5812,4271,1497
MILWAUKEE,V,Fox Point,4360,3070,1268
MILWAUKEE,V,Greendale,7681,4053,3558
MILWAUKEE,V,Hales Corners,3808,1831,1949
MILWAUKEE,V,River Hills,1054,601,447
MILWAUKEE,V,Shorewood,7872,6755,1080
MILWAUKEE,V,West Milwaukee,1152,814,319
MILWAUKEE,V,Whitefish Bay,8667,6201,2425
MONROE,C,Sparta,3312,1662,1602
MONROE,C,Tomah,3045,1406,1586
MONROE,T,Adrian,393,113,272
MONROE,T,Angelo,583,190,384
MONROE,T,Byron,487,178,300
MONROE,T,Clifton,188,75,111
MONROE,T,Glendale,306,103,198
MONROE,T,Grant,219,52,165
MONROE,T,Greenfield,336,104,223
MONROE,T,Jefferson,271,99,169
MONROE,T,La Grange,962,333,617
MONROE,T,Lafayette,172,52,117
MONROE,T,Leon,534,167,366
MONROE,T,Lincoln,387,104,277
MONROE,T,Little Falls,666,240,414
MONROE,T,New Lyme,96,29,66
MONROE,T,Oakdale,362,107,251
MONROE,T,Portland,409,149,257
MONROE,T,Ridgeville,224,89,133
MONROE,T,Scott,37,13,22
MONROE,T,Sheldon,217,50,163
MONROE,T,Sparta,1406,582,808
MONROE,T,Tomah,697,244,445
MONROE,T,Wellington,238,108,126
MONROE,T,Wells,271,83,182
MONROE,T,Wilton,222,68,151
MONROE,V,Cashton,397,155,235
MONROE,V,Kendall,161,69,92
MONROE,V,Melvina,37,11,24
MONROE,V,Norwalk,162,65,93
MONROE,V,Oakdale,114,37,73
MONROE,V,Ontario,0,0,0
MONROE,V,Rockland,0,0,0
MONROE,V,Warrens,179,69,109
MONROE,V,Wilton,194,100,91
MONROE,V,Wyeville,57,25,31
OCONTO,C,Gillett,485,173,303
OCONTO,C,Oconto,1682,665,983
OCONTO,C,Oconto Falls,1160,425,710
OCONTO,T,Abrams,1132,346,775
OCONTO,T,Bagley,173,27,145
OCONTO,T,Brazeau,818,211,600
OCONTO,T,Breed,364,98,261
OCONTO,T,Chase,1593,462,1113
OCONTO,T,Doty,218,73,143
OCONTO,T,Gillett,549,113,429
OCONTO,T,How,279,68,208
OCONTO,T,Lakewood,542,170,366
OCONTO,T,Lena,346,83,256
OCONTO,T,Little River,519,130,380
OCONTO,T,Little Suamico,2884,827,2028
OCONTO,T,Maple Valley,333,78,243
OCONTO,T,Morgan,557,143,404
OCONTO,T,Mountain,519,200,316
OCONTO,T,Oconto,691,191,494
OCONTO,T,Oconto Falls,670,198,468
OCONTO,T,Pensaukee,753,226,522
OCONTO,T,Riverview,507,190,311
OCONTO,T,Spruce,444,117,322
OCONTO,T,Stiles,797,232,553
OCONTO,T,Townsend,711,231,468
OCONTO,T,Underhill,402,117,276
OCONTO,V,Lena,230,75,150
OCONTO,V,Pulaski,0,0,0
OCONTO,V,Suring,179,41,136
ONEIDA,C,Rhinelander,2875,1621,1196
ONEIDA,T,Cassian,688,274,404
ONEIDA,T,Crescent,1179,510,653
ONEIDA,T,Enterprise,220,67,151
ONEIDA,T,Hazelhurst,807,342,456
ONEIDA,T,Lake Tomahawk,651,240,405
ONEIDA,T,Little Rice,211,67,144
ONEIDA,T,Lynne,84,23,58
ONEIDA,T,Minocqua,3040,1199,1817
ONEIDA,T,Monico,155,35,116
ONEIDA,T,Newbold,1666,752,898
ONEIDA,T,Nokomis,865,339,517
ONEIDA,T,Pelican,1459,653,784
ONEIDA,T,Piehl,36,13,23
ONEIDA,T,Pine Lake,1427,650,755
ONEIDA,T,Schoepke,262,104,157
ONEIDA,T,Stella,338,159,173
ONEIDA,T,Sugar Camp,1114,386,717
ONEIDA,T,Three Lakes,1494,547,922
ONEIDA,T,Woodboro,502,193,305
ONEIDA,T,Woodruff,1157,493,646
OUTAGAMIE,C,Appleton,26957,15688,10976
OUTAGAMIE,C,Kaukauna,6825,3326,3415
OUTAGAMIE,C,New London,586,193,383
OUTAGAMIE,C,Seymour,1532,599,910
OUTAGAMIE,T,Black Creek,675,164,499
OUTAGAMIE,T,Bovina,576,142,432
OUTAGAMIE,T,Buchanan,3483,1502,1946
OUTAGAMIE,T,Center,2148,644,1476
OUTAGAMIE,T,Cicero,521,176,338
OUTAGAMIE,T,Dale,1556,429,1114
OUTAGAMIE,T,Deer Creek,271,59,204
OUTAGAMIE,T,Ellington,1705,432,1260
OUTAGAMIE,T,Freedom,2909,883,1994
OUTAGAMIE,T,Grand Chute,10785,5268,5410
OUTAGAMIE,T,Hortonia,586,171,408
OUTAGAMIE,T,Kaukauna,744,189,549
OUTAGAMIE,T,Liberty,431,106,322
OUTAGAMIE,T,Maine,405,129,272
OUTAGAMIE,T,Maple Creek,271,63,202
OUTAGAMIE,T,Oneida,1662,749,897
OUTAGAMIE,T,Osborn,685,201,480
OUTAGAMIE,T,Seymour,593,142,444
OUTAGAMIE,T,Vandenbroek,896,245,646
OUTAGAMIE,V,Bear Creek,111,35,72
OUTAGAMIE,V,Black Creek,564,195,361
OUTAGAMIE,V,Combined Locks,1890,840,1036
OUTAGAMIE,V,Fox Crossing,0,0,0
OUTAGAMIE,V,Greenville,6527,2397,4075
OUTAGAMIE,V,Harrison,0,0,0
OUTAGAMIE,V,Hortonville,1437,525,898
OUTAGAMIE,V,Howard,0,0,0
OUTAGAMIE,V,Kimberly,3302,1657,1606
OUTAGAMIE,V,Little Chute,4867,2253,2551
OUTAGAMIE,V,Nichols,87,16,68
OUTAGAMIE,V,Shiocton,333,90,242
OUTAGAMIE,V,Wrightstown,182,64,115
OZAUKEE,C,Cedarburg,7213,3564,3585
OZAUKEE,C,Mequon,14954,7372,7486
OZAUKEE,C,Port Washington,6357,3152,3147
OZAUKEE,T,Belgium,860,276,576
OZAUKEE,T,Cedarburg,3938,1425,2483
OZAUKEE,T,Fredonia,1211,257,942
OZAUKEE,T,Grafton,2753,1019,1716
OZAUKEE,T,Port Washington,943,306,625
OZAUKEE,T,Saukville,1103,287,813
OZAUKEE,V,Bayside,73,45,27
OZAUKEE,V,Belgium,1207,363,833
OZAUKEE,V,Fredonia,1113,300,789
OZAUKEE,V,Grafton,6700,3015,3630
OZAUKEE,V,Newburg,37,7,30
OZAUKEE,V,Saukville,1979,743,1210
OZAUKEE,V,Thiensville,1926,973,935
PEPIN,C,Durand,767,301,456
PEPIN,T,Albany,276,109,163
PEPIN,T,Durand,327,90,233
PEPIN,T,Frankfort,149,59,89
PEPIN,T,Lima,268,84,179
PEPIN,T,Pepin,370,165,203
PEPIN,T,Stockholm,132,73,58
PEPIN,T,Waterville,374,105,264
PEPIN,T,Waubeek,229,76,153
PEPIN,V,Pepin,351,178,164
PEPIN,V,Stockholm,68,40,28
PIERCE,C,Prescott,1863,838,995
PIERCE,C,River Falls,4273,2549,1671
PIERCE,T,Clifton,1294,574,706
PIERCE,T,Diamond Bluff,237,85,148
PIERCE,T,El Paso,323,126,189
PIERCE,T,Ellsworth,572,199,359
PIERCE,T,Gilman,506,213,285
PIERCE,T,Hartland,418,114,291
PIERCE,T,Isabelle,144,42,99
PIERCE,T,Maiden Rock,315,116,197
PIERCE,T,Martell,606,260,336
PIERCE,T,Oak Grove,1160,387,758
PIERCE,T,River Falls,1275,613,643
PIERCE,T,Rock Elm,217,76,135
PIERCE,T,Salem,227,76,146
PIERCE,T,Spring Lake,304,102,198
PIERCE,T,Trenton,796,292,493
PIERCE,T,Trimbelle,775,252,515
PIERCE,T,Union,293,79,209
PIERCE,V,Bay City,153,50,97
PIERCE,V,Ellsworth,1134,456,658
PIERCE,V,Elmwood,295,107,177
PIERCE,V,Maiden Rock,59,26,33
PIERCE,V,Plum City,222,82,133
PIERCE,V,Spring Valley,568,253,308
POLK,C,Amery,1183,541,622
POLK,C,St. Croix Falls,986,483,489
POLK,T,Alden,1485,525,941
POLK,T,Apple River,532,181,342
POLK,T,Balsam Lake,716,236,475
POLK,T,Beaver,394,141,250
POLK,T,Black Brook,670,226,429
POLK,T,Bone Lake,370,144,223
POLK,T,Clam Falls,248,107,137
POLK,T,Clayton,484,176,301
POLK,T,Clear Lake,399,88,308
POLK,T,Eureka,871,268,593
POLK,T,Farmington,982,298,670
POLK,T,Garfield,786,283,485
POLK,T,Georgetown,496,212,281
POLK,T,Johnstown,232,112,116
POLK,T,Laketown,475,169,296
POLK,T,Lincoln,1158,415,731
POLK,T,Lorain,150,49,96
POLK,T,Luck,475,163,304
POLK,T,Mckinley,198,58,135
POLK,T,Milltown,551,213,329
POLK,T,Osceola,1491,543,928
POLK,T,St. Croix Falls,580,199,368
POLK,T,Sterling,316,104,207
POLK,T,West Sweden,345,122,217
POLK,V,Balsam Lake,366,148,209
POLK,V,Centuria,238,82,151
POLK,V,Clayton,194,54,133
POLK,V,Clear Lake,456,136,311
POLK,V,Dresser,332,115,211
POLK,V,Frederic,405,183,219
POLK,V,Luck,423,184,231
POLK,V,Milltown,309,112,192
POLK,V,Osceola,1131,513,604
POLK,V,Turtle Lake,18,4,14
PORTAGE,C,Stevens Point,10764,7246,3394
PORTAGE,T,Alban,466,180,282
PORTAGE,T,Almond,368,111,250
PORTAGE,T,Amherst,811,373,432
PORTAGE,T,Belmont,325,109,212
PORTAGE,T,Buena Vista,650,222,419
PORTAGE,T,Carson,740,268,457
PORTAGE,T,Dewey,553,245,308
PORTAGE,T,Eau Pleine,576,217,351
PORTAGE,T,Grant,980,347,622
PORTAGE,T,Hull,2906,1500,1372
PORTAGE,T,Lanark,848,345,487
PORTAGE,T,Linwood,639,277,352
PORTAGE,T,New Hope,429,240,181
PORTAGE,T,Pine Grove,295,103,188
PORTAGE,T,Plover,748,291,453
PORTAGE,T,Sharon,1198,458,731
PORTAGE,T,Stockton,1624,691,918
PORTAGE,V,Almond,160,51,108
PORTAGE,V,Amherst,554,291,255
PORTAGE,V,Amherst Junction,205,83,120
PORTAGE,V,Junction City,146,55,88
PORTAGE,V,Milladore,4,3,1
PORTAGE,V,Nelsonville,99,65,33
PORTAGE,V,Park Ridge,355,239,114
PORTAGE,V,Plover,6152,3343,2758
PORTAGE,V,Rosholt,202,73,122
PORTAGE,V,Whiting,884,521,353
PRICE,C,Park Falls,898,396,486
PRICE,C,Phillips,515,226,284
PRICE,T,Catawba,146,46,96
PRICE,T,Eisenstein,349,140,204
PRICE,T,Elk,579,223,352
PRICE,T,Emery,172,60,111
PRICE,T,Fifield,553,202,346
PRICE,T,Flambeau,310,97,211
PRICE,T,Georgetown,74,25,46
PRICE,T,Hackett,94,29,64
PRICE,T,Harmony,120,44,74
PRICE,T,Hill,207,59,143
PRICE,T,Kennan,152,38,110
PRICE,T,Knox,186,65,119
PRICE,T,Lake,640,286,344
PRICE,T,Ogema,360,97,254
PRICE,T,Prentice,224,71,151
PRICE,T,Spirit,188,59,124
PRICE,T,Worcester,905,290,608
PRICE,V,Catawba,61,25,34
PRICE,V,Kennan,70,29,40
PRICE,V,Prentice,259,89,168
RACINE,C,Burlington,4721,2131,2507
RACINE,C,Racine,21968,14705,6950
RACINE,T,Burlington,3176,1047,2101
RACINE,T,Dover,1790,528,1240
RACINE,T,Norway,4559,1164,3365
RACINE,T,Waterford,3642,1012,2606
RACINE,V,Caledonia,13105,5545,7431
RACINE,V,Elmwood Park,283,151,124
RACINE,V,Mount Pleasant,13710,6749,6829
RACINE,V,North Bay,148,77,70
RACINE,V,Raymond,2288,660,1609
RACINE,V,Rochester,2112,600,1484
RACINE,V,Sturtevant,2166,992,1142
RACINE,V,Union Grove,2115,713,1370
RACINE,V,Waterford,2885,1036,1828
RACINE,V,Wind Point,1112,613,491
RACINE,V,Yorkville,1748,518,1212
RICHLAND,C,Richland Center,1836,1003,803
RICHLAND,T,Akan,201,89,112
RICHLAND,T,Bloom,206,90,111
RICHLAND,T,Buena Vista,663,295,363
RICHLAND,T,Dayton,326,138,183
RICHLAND,T,Eagle,209,71,137
RICHLAND,T,Forest,167,83,80
RICHLAND,T,Henrietta,211,122,87
RICHLAND,T,Ithaca,266,116,146
RICHLAND,T,Marshall,259,112,143
RICHLAND,T,Orion,237,120,112
RICHLAND,T,Richland,566,230,334
RICHLAND,T,Richwood,216,112,104
RICHLAND,T,Rockbridge,318,161,152
RICHLAND,T,Sylvan,206,72,133
RICHLAND,T,Westford,236,105,125
RICHLAND,T,Willow,209,82,123
RICHLAND,V,Boaz,53,25,28
RICHLAND,V,Cazenovia,108,59,48
RICHLAND,V,Lone Rock,313,151,159
RICHLAND,V,Viola,173,101,68
RICHLAND,V,Yuba,29,17,11
ROCK,C,Beloit,9499,5820,3543
ROCK,C,Brodhead,41,30,10
ROCK,C,Edgerton,2508,1681,796
ROCK,C,Evansville,2627,1822,769
ROCK,C,Janesville,26082,16137,9656
ROCK,C,Milton,2605,1540,1019
ROCK,T,Avon,296,108,188
ROCK,T,Beloit,3478,1724,1707
ROCK,T,Bradford,484,186,298
ROCK,T,Center,566,297,261
ROCK,T,Clinton,442,147,289
ROCK,T,Fulton,1983,1052,919
ROCK,T,Harmony,1426,794,622
ROCK,T,Janesville,2072,1045,1010
ROCK,T,Johnstown,381,160,214
ROCK,T,La Prairie,412,171,238
ROCK,T,Lima,558,274,277
ROCK,T,Magnolia,365,179,180
ROCK,T,Milton,1634,804,815
ROCK,T,Newark,837,321,501
ROCK,T,Plymouth,629,267,350
ROCK,T,Porter,583,348,229
ROCK,T,Rock,1183,617,543
ROCK,T,Spring Valley,354,146,201
ROCK,T,Turtle,1299,563,723
ROCK,T,Union,1106,663,433
ROCK,V,Clinton,799,315,467
ROCK,V,Footville,410,213,192
ROCK,V,Orfordville,617,331,272
RUSK,C,Ladysmith,1039,446,579
RUSK,T,Atlanta,306,78,223
RUSK,T,Big Bend,284,94,187
RUSK,T,Big Falls,85,29,56
RUSK,T,Cedar Rapids,25,7,18
RUSK,T,Dewey,305,111,191
RUSK,T,Flambeau,489,153,331
RUSK,T,Grant,331,110,214
RUSK,T,Grow,185,28,157
RUSK,T,Hawkins,59,25,34
RUSK,T,Hubbard,98,27,68
RUSK,T,Lawrence,137,34,102
RUSK,T,Marshall,196,35,154
RUSK,T,Murry,108,42,65
RUSK,T,Richland,95,34,59
RUSK,T,Rusk,326,126,196
RUSK,T,South Fork,56,18,35
RUSK,T,Strickland,144,55,89
RUSK,T,Stubbs,294,112,178
RUSK,T,Thornapple,379,97,280
RUSK,T,True,133,49,82
RUSK,T,Washington,214,82,128
RUSK,T,Wilkinson,33,8,23
RUSK,T,Willard,246,83,160
RUSK,T,Wilson,68,18,50
RUSK,V,Bruce,297,116,179
RUSK,V,Conrath,32,17,15
RUSK,V,Glen Flora,30,9,20
RUSK,V,Hawkins,131,58,69
RUSK,V,Ingram,27,10,17
RUSK,V,Sheldon,97,31,65
RUSK,V,Tony,46,11,35
RUSK,V,Weyerhaeuser,92,27,61
SAUK,C,Baraboo,4947,3023,1867
SAUK,C,Reedsburg,3571,1804,1714
SAUK,C,Wisconsin Dells,111,52,58
SAUK,T,Baraboo,983,506,468
SAUK,T,Bear Creek,316,147,168
SAUK,T,Dellona,896,380,504
SAUK,T,Delton,1063,533,527
SAUK,T,Excelsior,857,389,462
SAUK,T,Fairfield,624,305,314
SAUK,T,Franklin,350,155,190
SAUK,T,Freedom,253,99,149
SAUK,T,Greenfield,552,284,267
SAUK,T,Honey Creek,396,205,188
SAUK,T,Ironton,258,98,160
SAUK,T,La Valle,850,337,508
SAUK,T,Merrimac,735,397,330
SAUK,T,Prairie Du Sac,571,291,273
SAUK,T,Reedsburg,577,231,335
SAUK,T,Spring Green,963,523,433
SAUK,T,Sumpter,335,175,157
SAUK,T,Troy,426,184,238
SAUK,T,Washington,322,124,192
SAUK,T,Westfield,255,77,174
SAUK,T,Winfield,462,180,274
SAUK,T,Woodland,385,155,223
SAUK,V,Cazenovia,6,3,3
SAUK,V,Ironton,89,27,59
SAUK,V,Lake Delton,1095,526,558
SAUK,V,Lavalle,125,43,79
SAUK,V,Lime Ridge,74,40,34
SAUK,V,Loganville,131,55,74
SAUK,V,Merrimac,274,159,109
SAUK,V,North Freedom,225,104,116
SAUK,V,Plain,380,172,205
SAUK,V,Prairie Du Sac,2216,1395,792
SAUK,V,Rock Springs,129,46,80
SAUK,V,Sauk City,1681,1091,577
SAUK,V,Spring Green,879,636,236
SAUK,V,West Baraboo,598,334,253
SAWYER,C,Hayward,906,401,490
SAWYER,T,Bass Lake,1085,605,470
SAWYER,T,Couderay,137,72,62
SAWYER,T,Draper,140,70,67
SAWYER,T,Edgewater,349,111,236
SAWYER,T,Hayward,1642,746,879
SAWYER,T,Hunter,368,166,200
SAWYER,T,Lenroot,780,356,420
SAWYER,T,Meadowbrook,79,16,62
SAWYER,T,Meteor,97,31,65
SAWYER,T,Ojibwa,179,66,113
SAWYER,T,Radisson,221,78,140
SAWYER,T,Round Lake,720,295,419
SAWYER,T,Sand Lake,502,215,283
SAWYER,T,Spider Lake,307,128,174
SAWYER,T,Weirgor,193,52,140
SAWYER,T,Winter,547,204,335
SAWYER,V,Couderay,42,14,25
SAWYER,V,Exeland,79,32,46
SAWYER,V,Radisson,67,26,39
SAWYER,V,Winter,126,50,70
SHAWANO,C,Marion,9,3,6
SHAWANO,C,Shawano,3043,1343,1653
SHAWANO,T,Almon,273,63,208
SHAWANO,T,Angelica,899,245,647
SHAWANO,T,Aniwa,255,59,194
SHAWANO,T,Bartelme,271,203,65
SHAWANO,T,Belle Plaine,918,282,627
SHAWANO,T,Birnamwood,328,107,216
SHAWANO,T,Fairbanks,273,51,218
SHAWANO,T,Germania,155,44,108
SHAWANO,T,Grant,415,79,331
SHAWANO,T,Green Valley,519,126,389
SHAWANO,T,Hartland,364,74,287
SHAWANO,T,Herman,342,91,244
SHAWANO,T,Hutchins,257,59,194
SHAWANO,T,Lessor,648,137,506
SHAWANO,T,Maple Grove,480,141,337
SHAWANO,T,Morris,201,64,136
SHAWANO,T,Navarino,216,53,163
SHAWANO,T,Pella,472,111,356
SHAWANO,T,Red Springs,407,225,177
SHAWANO,T,Richmond,977,259,709
SHAWANO,T,Seneca,258,78,177
SHAWANO,T,Washington,961,295,657
SHAWANO,T,Waukechon,510,131,374
SHAWANO,T,Wescott,1600,567,1022
SHAWANO,T,Wittenberg,405,127,273
SHAWANO,V,Aniwa,88,29,55
SHAWANO,V,Birnamwood,279,103,171
SHAWANO,V,Bonduel,605,162,435
SHAWANO,V,Bowler,101,42,58
SHAWANO,V,Cecil,280,82,194
SHAWANO,V,Eland,104,46,54
SHAWANO,V,Gresham,209,87,122
SHAWANO,V,Mattoon,139,41,91
SHAWANO,V,Pulaski,64,24,39
SHAWANO,V,Tigerton,291,99,188
SHAWANO,V,Wittenberg,321,121,194
SHEBOYGAN,C,Plymouth,4147,1848,2241
SHEBOYGAN,C,Sheboygan,17321,9513,7548
SHEBOYGAN,C,Sheboygan Falls,4038,1741,2236
SHEBOYGAN,T,Greenbush,862,283,573
SHEBOYGAN,T,Herman,933,245,680
SHEBOYGAN,T,Holland,1380,320,1046
SHEBOYGAN,T,Lima,1649,410,1222
SHEBOYGAN,T,Lyndon,877,258,606
SHEBOYGAN,T,Mitchell,698,199,494
SHEBOYGAN,T,Mosel,429,141,284
SHEBOYGAN,T,Plymouth,1800,588,1194
SHEBOYGAN,T,Rhine,1352,498,846
SHEBOYGAN,T,Russell,195,41,153
SHEBOYGAN,T,Scott,1046,222,821
SHEBOYGAN,T,Sheboygan,4411,1935,2430
SHEBOYGAN,T,Sheboygan Falls,1002,305,688
SHEBOYGAN,T,Sherman,868,182,678
SHEBOYGAN,T,Wilson,2163,890,1254
SHEBOYGAN,V,Adell,245,54,184
SHEBOYGAN,V,Cascade,354,96,254
SHEBOYGAN,V,Cedar Grove,1123,253,863
SHEBOYGAN,V,Elkhart Lake,668,341,320
SHEBOYGAN,V,Glenbeulah,236,97,137
SHEBOYGAN,V,Howards Grove,1818,680,1107
SHEBOYGAN,V,Kohler,1241,567,666
SHEBOYGAN,V,Oostburg,1751,297,1439
SHEBOYGAN,V,Random Lake,815,249,550
SHEBOYGAN,V,Waldo,239,72,165
ST. CROIX,C,Glenwood City,450,150,292
ST. CROIX,C,Hudson,6855,3650,3148
ST. CROIX,C,New Richmond,3914,1817,2048
ST. CROIX,C,River Falls,1940,1094,815
ST. CROIX,T,Baldwin,500,133,355
ST. CROIX,T,Cady,406,120,282
ST. CROIX,T,Cylon,318,97,215
ST. CROIX,T,Eau Galle,597,186,406
ST. CROIX,T,Emerald,351,102,247
ST. CROIX,T,Erin Prairie,351,122,223
ST. CROIX,T,Forest,306,65,237
ST. CROIX,T,Glenwood,349,106,236
ST. CROIX,T,Hammond,1232,373,845
ST. CROIX,T,Hudson,4531,1916,2576
ST. CROIX,T,Kinnickinnic,990,411,562
ST. CROIX,T,Pleasant Valley,298,101,195
ST. CROIX,T,Richmond,1816,627,1172
ST. CROIX,T,Rush River,274,86,182
ST. CROIX,T,Somerset,2405,802,1569
ST. CROIX,T,Springfield,438,147,280
ST. CROIX,T,St. Joseph,2339,986,1330
ST. CROIX,T,Stanton,449,164,277
ST. CROIX,T,Star Prairie,1812,566,1209
ST. CROIX,T,Troy,3022,1301,1693
ST. CROIX,T,Warren,861,333,520
ST. CROIX,V,Baldwin,1633,643,961
ST. CROIX,V,Deer Park,97,21,71
ST. CROIX,V,Hammond,767,372,387
ST. CROIX,V,North Hudson,2049,989,1037
ST. CROIX,V,Roberts,785,336,432
ST. CROIX,V,Somerset,1087,401,661
ST. CROIX,V,Spring Valley,3,0,3
ST. CROIX,V,Star Prairie,256,92,159
ST. CROIX,V,Wilson,81,23,56
ST. CROIX,V,Woodville,477,184,287
TAYLOR,C,Medford,1646,671,949
TAYLOR,T,Aurora,153,20,129
TAYLOR,T,Browning,406,74,323
TAYLOR,T,Chelsea,355,79,275
TAYLOR,T,Cleveland,123,28,94
TAYLOR,T,Deer Creek,293,50,240
TAYLOR,T,Ford,113,23,90
TAYLOR,T,Goodrich,253,46,202
TAYLOR,T,Greenwood,329,66,260
TAYLOR,T,Grover,128,21,103
TAYLOR,T,Hammel,377,77,291
TAYLOR,T,Holway,255,44,205
TAYLOR,T,Jump River,144,35,107
TAYLOR,T,Little Black,507,132,365
TAYLOR,T,Maplehurst,147,33,113
TAYLOR,T,Mckinley,175,25,147
TAYLOR,T,Medford,1264,299,955
TAYLOR,T,Molitor,186,54,129
TAYLOR,T,Pershing,76,26,49
TAYLOR,T,Rib Lake,386,94,287
TAYLOR,T,Roosevelt,158,47,108
TAYLOR,T,Taft,134,38,93
TAYLOR,T,Westboro,364,75,285
TAYLOR,V,Gilman,158,56,96
TAYLOR,V,Lublin,47,12,34
TAYLOR,V,Rib Lake,303,75,216
TAYLOR,V,Stetsonville,222,62,151
TREMPEALEAU,C,Arcadia,585,240,338
TREMPEALEAU,C,Blair,400,193,198
TREMPEALEAU,C,Galesville,708,347,353
TREMPEALEAU,C,Independence,377,152,215
TREMPEALEAU,C,Osseo,726,370,348
TREMPEALEAU,C,Whitehall,597,310,279
TREMPEALEAU,T,Albion,317,104,211
TREMPEALEAU,T,Arcadia,803,273,522
TREMPEALEAU,T,Burnside,175,77,96
TREMPEALEAU,T,Caledonia,446,182,261
TREMPEALEAU,T,Chimney Rock,139,54,85
TREMPEALEAU,T,Dodge,226,84,134
TREMPEALEAU,T,Ettrick,645,275,365
TREMPEALEAU,T,Gale,876,368,500
TREMPEALEAU,T,Hale,539,203,328
TREMPEALEAU,T,Lincoln,290,116,170
TREMPEALEAU,T,Pigeon,318,136,174
TREMPEALEAU,T,Preston,392,146,241
TREMPEALEAU,T,Sumner,424,172,243
TREMPEALEAU,T,Trempealeau,980,423,548
TREMPEALEAU,T,Unity,274,107,165
TREMPEALEAU,V,Eleva,273,118,150
TREMPEALEAU,V,Ettrick,229,94,132
TREMPEALEAU,V,Pigeon Falls,170,87,80
TREMPEALEAU,V,Strum,439,216,220
TREMPEALEAU,V,Trempealeau,901,434,457
VERNON,C,Hillsboro,511,234,263
VERNON,C,Viroqua,2118,1345,746
VERNON,C,Westby,981,556,417
VERNON,T,Bergen,724,362,354
VERNON,T,Christiana,481,192,282
VERNON,T,Clinton,216,102,111
VERNON,T,Coon,415,204,207
VERNON,T,Forest,235,94,139
VERNON,T,Franklin,531,224,300
VERNON,T,Genoa,366,178,185
VERNON,T,Greenwood,182,73,105
VERNON,T,Hamburg,514,224,284
VERNON,T,Harmony,318,134,179
VERNON,T,Hillsboro,308,114,189
VERNON,T,Jefferson,584,280,293
VERNON,T,Kickapoo,248,126,121
VERNON,T,Liberty,190,102,87
VERNON,T,Stark,206,107,97
VERNON,T,Sterling,288,98,185
VERNON,T,Union,198,102,91
VERNON,T,Viroqua,953,470,467
VERNON,T,Webster,304,179,119
VERNON,T,Wheatland,313,144,165
VERNON,T,Whitestown,227,99,126
VERNON,V,Chaseburg,131,61,68
VERNON,V,Coon Valley,371,199,168
VERNON,V,De Soto,113,59,47
VERNON,V,Genoa,108,59,49
VERNON,V,La Farge,311,148,157
VERNON,V,Ontario,170,58,108
VERNON,V,Readstown,137,55,81
VERNON,V,Stoddard,377,178,189
VERNON,V,Viola,72,37,30
VILAS,C,Eagle River,698,292,398
VILAS,T,Arbor Vitae,1894,757,1107
VILAS,T,Boulder Junction,754,295,452
VILAS,T,Cloverland,737,251,478
VILAS,T,Conover,835,296,533
VILAS,T,Lac Du Flambeau,1357,776,569
VILAS,T,Land O-Lakes,571,183,379
VILAS,T,Lincoln,1495,517,954
VILAS,T,Manitowish Waters,517,170,343
VILAS,T,Phelps,785,245,534
VILAS,T,Plum Lake,395,149,240
VILAS,T,Presque Isle,548,232,313
VILAS,T,St. Germain,1255,443,800
VILAS,T,Washington,1045,360,674
VILAS,T,Winchester,334,122,209
WALWORTH,C,Burlington,1,1,0
WALWORTH,C,Delavan,2803,1360,1381
WALWORTH,C,Elkhorn,3812,1622,2116
WALWORTH,C,Lake Geneva,3461,1676,1751
WALWORTH,C,Whitewater,3465,2211,1214
WALWORTH,T,Bloomfield,621,253,358
WALWORTH,T,Darien,722,215,495
WALWORTH,T,Delavan,2481,973,1479
WALWORTH,T,East Troy,2394,703,1660
WALWORTH,T,Geneva,2763,1093,1637
WALWORTH,T,La Grange,1372,496,861
WALWORTH,T,Lafayette,1125,367,747
WALWORTH,T,Linn,1347,497,839
WALWORTH,T,Lyons,1729,596,1112
WALWORTH,T,Richmond,986,396,578
WALWORTH,T,Sharon,463,152,303
WALWORTH,T,Spring Prairie,1282,339,923
WALWORTH,T,Sugar Creek,2022,701,1299
WALWORTH,T,Troy,1411,459,931
WALWORTH,T,Walworth,840,250,573
WALWORTH,T,Whitewater,828,347,468
WALWORTH,V,Bloomfield,1680,501,1143
WALWORTH,V,Darien,562,213,330
WALWORTH,V,East Troy,2249,829,1395
WALWORTH,V,Fontana,1079,459,607
WALWORTH,V,Genoa City,1021,365,642
WALWORTH,V,Mukwonago,96,38,56
WALWORTH,V,Sharon,560,202,338
WALWORTH,V,Walworth,1107,500,594
WALWORTH,V,Williams Bay,1644,755,870
WASHBURN,C,Shell Lake,636,321,301
WASHBURN,C,Spooner,855,392,448
WASHBURN,T,Barronett,215,72,141
WASHBURN,T,Bashaw,565,148,410
WASHBURN,T,Bass Lake,275,91,180
WASHBURN,T,Beaver Brook,379,147,225
WASHBURN,T,Birchwood,383,106,275
WASHBURN,T,Brooklyn,183,73,107
WASHBURN,T,Casey,275,113,159
WASHBURN,T,Chicog,190,77,112
WASHBURN,T,Crystal,150,47,102
WASHBURN,T,Evergreen,621,240,378
WASHBURN,T,Frog Creek,67,18,46
WASHBURN,T,Gull Lake,123,49,70
WASHBURN,T,Long Lake,403,162,239
WASHBURN,T,Madge,338,149,182
WASHBURN,T,Minong,559,242,311
WASHBURN,T,Sarona,230,72,157
WASHBURN,T,Spooner,399,138,255
WASHBURN,T,Springbrook,230,73,150
WASHBURN,T,Stinnett,117,32,84
WASHBURN,T,Stone Lake,258,81,171
WASHBURN,T,Trego,529,214,309
WASHBURN,V,Birchwood,178,67,107
WASHBURN,V,Minong,193,74,113
WASHINGTON,C,Hartford,7099,2409,4628
WASHINGTON,C,Milwaukee,0,0,0
WASHINGTON,C,West Bend,14619,5516,8953
WASHINGTON,T,Addison,1949,419,1515
WASHINGTON,T,Barton,1693,438,1247
WASHINGTON,T,Erin,2497,621,1860
WASHINGTON,T,Farmington,2207,452,1743
WASHINGTON,T,Germantown,154,58,95
WASHINGTON,T,Hartford,2122,482,1624
WASHINGTON,T,Jackson,2486,516,1951
WASHINGTON,T,Kewaskum,696,132,559
WASHINGTON,T,Polk,2436,558,1863
WASHINGTON,T,Trenton,2770,630,2131
WASHINGTON,T,Wayne,1334,244,1088
WASHINGTON,T,West Bend,2935,805,2113
WASHINGTON,V,Germantown,11539,4507,6929
WASHINGTON,V,Jackson,4099,1271,2791
WASHINGTON,V,Kewaskum,2134,564,1554
WASHINGTON,V,Newburg,523,117,397
WASHINGTON,V,Richfield,7645,2075,5527
WASHINGTON,V,Slinger,3092,884,2181
WAUKESHA,C,Brookfield,23620,10794,12651
WAUKESHA,C,Delafield,4194,1696,2467
WAUKESHA,C,Milwaukee,0,0,0
WAUKESHA,C,Muskego,14453,4738,9582
WAUKESHA,C,New Berlin,23273,9617,13473
WAUKESHA,C,Oconomowoc,10102,4095,5911
WAUKESHA,C,Pewaukee,9255,3383,5803
WAUKESHA,C,Waukesha,30689,14626,15786
WAUKESHA,T,Brookfield,3839,1646,2160
WAUKESHA,T,Delafield,5272,1788,3449
WAUKESHA,T,Eagle,2183,640,1518
WAUKESHA,T,Genesee,4576,1443,3096
WAUKESHA,T,Lisbon,6290,1945,4316
WAUKESHA,T,Merton,5226,1497,3700
WAUKESHA,T,Mukwonago,4599,1300,3267
WAUKESHA,T,Oconomowoc,5362,1679,3638
WAUKESHA,T,Ottawa,2379,761,1596
WAUKESHA,V,Big Bend,773,228,539
WAUKESHA,V,Butler,838,351,473
WAUKESHA,V,Chenequa,349,95,254
WAUKESHA,V,Dousman,1231,451,770
WAUKESHA,V,Eagle,1145,292,841
WAUKESHA,V,Elm Grove,3951,1869,2058
WAUKESHA,V,Hartland,5017,1942,3033
WAUKESHA,V,Lac La Belle,215,66,147
WAUKESHA,V,Lannon,955,370,575
WAUKESHA,V,Menomonee Falls,21348,9688,11495
WAUKESHA,V,Merton,1963,567,1380
WAUKESHA,V,Mukwonago,4088,1405,2637
WAUKESHA,V,Nashotah,808,272,530
WAUKESHA,V,North Prairie,1263,355,897
WAUKESHA,V,Oconomowoc Lake,369,86,279
WAUKESHA,V,Pewaukee,4065,1705,2316
WAUKESHA,V,Summit,3236,1106,2105
WAUKESHA,V,Sussex,6237,2417,3756
WAUKESHA,V,Vernon,4660,1287,3345
WAUKESHA,V,Wales,1639,631,994
WAUKESHA,V,Waukesha,5141,1733,3375
WAUPACA,C,Clintonville,1527,627,867
WAUPACA,C,Manawa,462,134,324
WAUPACA,C,Marion,481,139,333
WAUPACA,C,New London,2048,816,1206
WAUPACA,C,Waupaca,2400,1114,1256
WAUPACA,C,Weyauwega,611,200,402
WAUPACA,T,Bear Creek,381,63,315
WAUPACA,T,Caledonia,962,282,674
WAUPACA,T,Dayton,1457,538,908
WAUPACA,T,Dupont,296,69,222
WAUPACA,T,Farmington,1789,766,1001
WAUPACA,T,Fremont,379,96,280
WAUPACA,T,Harrison,243,71,171
WAUPACA,T,Helvetia,380,101,276
WAUPACA,T,Iola,529,178,348
WAUPACA,T,Larrabee,607,183,411
WAUPACA,T,Lebanon,808,226,565
WAUPACA,T,Lind,752,207,535
WAUPACA,T,Little Wolf,685,148,533
WAUPACA,T,Matteson,485,128,349
WAUPACA,T,Mukwa,1510,500,990
WAUPACA,T,Royalton,699,174,516
WAUPACA,T,Saint Lawrence,351,116,234
WAUPACA,T,Scandinavia,591,244,340
WAUPACA,T,Union,377,99,274
WAUPACA,T,Waupaca,615,213,396
WAUPACA,T,Weyauwega,282,66,212
WAUPACA,T,Wyoming,164,36,126
WAUPACA,V,Big Falls,33,8,25
WAUPACA,V,Embarrass,151,40,107
WAUPACA,V,Fremont,384,103,278
WAUPACA,V,Iola,553,221,322
WAUPACA,V,Ogdensburg,75,14,56
WAUPACA,V,Scandinavia,160,70,87
WAUSHARA,C,Berlin,50,20,30
WAUSHARA,C,Wautoma,613,261,346
WAUSHARA,T,Aurora,527,147,375
WAUSHARA,T,Bloomfield,542,132,406
WAUSHARA,T,Coloma,369,133,232
WAUSHARA,T,Dakota,522,161,359
WAUSHARA,T,Deerfield,420,175,241
WAUSHARA,T,Hancock,281,82,198
WAUSHARA,T,Leon,817,253,561
WAUSHARA,T,Marion,1115,368,731
WAUSHARA,T,Mount Morris,690,221,460
WAUSHARA,T,Oasis,214,58,155
WAUSHARA,T,Plainfield,229,59,165
WAUSHARA,T,Poy Sippi,433,103,326
WAUSHARA,T,Richford,233,53,179
WAUSHARA,T,Rose,360,135,222
WAUSHARA,T,Saxeville,571,188,377
WAUSHARA,T,Springwater,796,303,487
WAUSHARA,T,Warren,321,115,200
WAUSHARA,T,Wautoma,713,253,452
WAUSHARA,V,Coloma,183,55,127
WAUSHARA,V,Hancock,174,68,103
WAUSHARA,V,Lohrville,174,48,124
WAUSHARA,V,Plainfield,300,115,181
WAUSHARA,V,Redgranite,376,123,247
WAUSHARA,V,Wild Rose,317,137,175
WINNEBAGO,C,Appleton,302,188,105
WINNEBAGO,C,Menasha,5645,3042,2490
WINNEBAGO,C,Neenah,12065,6533,5366
WINNEBAGO,C,Omro,1536,621,892
WINNEBAGO,C,Oshkosh,24425,13724,10386
WINNEBAGO,T,Algoma,3895,1817,2043
WINNEBAGO,T,Black Wolf,1483,565,910
WINNEBAGO,T,Clayton,2425,858,1536
WINNEBAGO,T,Neenah,2022,918,1081
WINNEBAGO,T,Nekimi,794,230,557
WINNEBAGO,T,Nepeuskun,418,123,288
WINNEBAGO,T,Omro,1382,484,893
WINNEBAGO,T,Oshkosh,1514,634,867
WINNEBAGO,T,Poygan,750,214,527
WINNEBAGO,T,Rushford,878,227,645
WINNEBAGO,T,Utica,748,228,513
WINNEBAGO,T,Vinland,1122,438,672
WINNEBAGO,T,Winchester,1076,347,720
WINNEBAGO,T,Winneconne,1576,523,1039
WINNEBAGO,T,Wolf River,788,217,562
WINNEBAGO,V,Fox Crossing,8583,4124,4335
WINNEBAGO,V,Winneconne,1285,457,815
WOOD,C,Marshfield,7540,3722,3708
WOOD,C,Nekoosa,941,344,578
WOOD,C,Pittsville,346,116,225
WOOD,C,Wisconsin Rapids,6766,3232,3411
WOOD,T,Arpin,429,136,284
WOOD,T,Auburndale,393,87,298
WOOD,T,Cameron,269,85,175
WOOD,T,Cary,222,69,150
WOOD,T,Cranmoor,89,28,60
WOOD,T,Dexter,184,65,119
WOOD,T,Grand Rapids,4074,1661,2364
WOOD,T,Hansen,404,110,292
WOOD,T,Hiles,93,25,68
WOOD,T,Lincoln,850,297,543
WOOD,T,Marshfield,417,146,265
WOOD,T,Milladore,348,112,232
WOOD,T,Port Edwards,633,221,403
WOOD,T,Remington,132,42,87
WOOD,T,Richfield,764,251,500
WOOD,T,Rock,478,140,334
WOOD,T,Rudolph,557,184,365
WOOD,T,Saratoga,2501,846,1619
WOOD,T,Seneca,553,226,324
WOOD,T,Sherry,383,112,270
WOOD,T,Sigel,562,191,359
WOOD,T,Wood,403,127,272
WOOD,V,Arpin,113,32,76
WOOD,V,Auburndale,296,104,188
WOOD,V,Biron,385,155,216
WOOD,V,Hewitt,443,178,256
WOOD,V,Milladore,131,51,80
WOOD,V,Port Edwards,838,369,455
WOOD,V,Rudolph,210,86,122
WOOD,V,Vesper,245,74,167
